# Unit labels of the GSWA 2022 1:10M simplified tectonic map of WA (CC BY 4.0), at the
# map's own label positions (PDF -> lon/lat through the fitted Albers projection; see
# extract/make_map2022_assets.py). Curved orogen names re-assembled by hand.
# level 1 = major (default on the index map), 2 = minor. size_pt = size on the A4 map.
text,lon,lat,angle,class,level,size_pt,bold
PILBARA\nCRATON,118.864,-21.017,0,craton,1,6.2,1
YILGARN CRATON,119.424,-30.249,0,craton,1,6.2,1
YOUANMI TERRANE,118.211,-29.568,0,terrane,1,5.2,0
EASTERN GOLDFIELDS\nSUPERTERRANE,122.059,-29.670,0,terrane,1,5.2,0
SOUTH WEST\nTERRANE,116.699,-33.042,0,terrane,1,5.2,0
NARRYER\nTERRANE,117.012,-25.908,0,terrane,1,5.2,0
MARYMIA\nINLIER,118.955,-25.199,0,terrane,2,5.2,0
SYLVANIA\nINLIER,120.009,-23.602,0,terrane,2,4.6,0
GOODIN\nINLIER,119.741,-25.929,0,terrane,2,4.6,0
CAPRICORN OROGEN,119.050,-24.350,-21,orogen,1,8.4,0
ALBANY–FRASER OROGEN,122.250,-33.150,40,orogen,1,8.0,0
PATERSON\nOROGEN,122.250,-22.850,-58,orogen,1,7.2,0
HALLS CREEK OROGEN,127.700,-17.650,64,orogen,1,6.9,0
WUNAAMIN MILIWUNDI\nOROGEN,124.900,-17.720,-39,orogen,1,8.0,0
PINJARRA OROGEN,115.170,-28.300,-90,orogen,1,4.9,0
CANNING BASIN,125.729,-23.043,0,basin,1,5.2,0
EUCLA BASIN,126.589,-30.785,0,basin,1,5.2,0
KIMBERLEY BASIN,126.283,-15.923,0,basin,1,5.2,0
HAMERSLEY\nBASIN,118.640,-22.508,0,basin,1,5.2,0
FORTESCUE\nBASIN,119.195,-23.083,0,basin,1,5.2,0
SOUTHERN\nCARNARVON\nBASIN,114.486,-24.678,0,basin,1,5.2,0
NORTHERN\nCARNARVON\nBASIN,114.449,-21.529,0,basin,1,5.2,0
PERTH\nBASIN,115.561,-30.603,0,basin,1,5.2,0
EARAHEEDY\nBASIN,121.945,-26.038,0,basin,1,5.2,0
GASCOYNE\nPROVINCE,116.231,-24.638,0,basin,1,5.2,0
MUSGRAVE\nPROVINCE,128.544,-25.845,0,basin,1,5.2,0
BONAPARTE\nBASIN,128.692,-15.243,0,basin,1,5.2,0
ORD\nBASIN,128.665,-17.761,0,basin,1,5.2,0
AMADEUS\nBASIN,128.478,-23.893,0,basin,1,5.2,0
OFFICER BASIN,124.439,-25.861,0,basin,1,5.2,0
ASHBURTON BASIN,117.050,-23.250,-52,basin,2,5.9,0
EDMUND BASIN,117.620,-24.570,-17,basin,2,5.9,0
FRASER ZONE,123.620,-31.500,45,basin,2,5.5,0
COLLIER\nBASIN,122.562,-24.271,0,basin,2,4.6,0
YERRIDA\nBASIN,119.614,-26.359,0,basin,2,5.2,0
PADBURY\nAND\nBRYAH BASINS,118.167,-26.382,0,basin,2,5.2,0
BADGERADDA\nBASIN,116.937,-26.509,0,basin,2,5.2,0
SALVATION\nBASIN,121.906,-25.022,0,basin,2,5.2,0
SCORPION\nBASIN,121.194,-25.537,0,basin,2,4.6,0
BENTLEY\nBASIN,127.069,-25.883,0,basin,2,5.2,0
BRESNAHAN\nBASIN,117.727,-23.661,0,basin,2,4.6,0
YENEENA\nBASIN,123.179,-21.903,0,basin,2,5.2,0
MARBLE BAR\nSUB-BASIN,119.288,-21.665,0,basin,2,5.2,0
RUDALL\nPROVINCE,123.835,-22.581,0,basin,2,5.2,0
LOUISA BASIN,125.751,-18.893,0,basin,2,5.2,0
WOLFE\nBASIN,128.046,-18.690,0,basin,2,5.2,0
NORTHAMPTON\nINLIER,113.731,-28.448,0,basin,2,5.2,0
MULLINGARRA\nINLIER,114.662,-29.512,0,basin,2,5.2,0
LEEUWIN\nINLIER,114.523,-33.984,0,basin,2,5.2,0
CARRANDIBBY\nINLIER,114.849,-25.589,0,basin,2,5.2,0
YANDANOOKA\nBASIN,116.613,-29.469,0,basin,2,5.2,0
MOORA\nBASIN,116.430,-30.230,0,basin,2,5.2,0
TROPICANA\nZONE,124.538,-28.759,0,basin,2,5.2,0
WOODLINE\nSUB-BASIN,122.064,-31.471,0,basin,2,4.6,0
RAGGED\nBASIN,124.272,-33.862,0,basin,2,4.6,0
NORTHERN\nFORELAND,116.726,-33.978,0,basin,2,5.2,0
NORNALUP\nZONE,116.838,-34.868,0,basin,2,5.2,0
BIRANUP ZONE,115.326,-34.909,0,basin,2,5.2,0
BARREN\nBASIN,120.356,-33.456,0,basin,2,5.2,0
ARID\nBASIN,125.393,-29.652,0,basin,2,4.6,0
COLLIER\nBASIN,119.573,-24.600,0,basin,2,5.2,0
BASTION\nBASIN,127.354,-15.525,0,basin,2,5.2,0
LOUISA\nBASIN,126.007,-16.820,0,basin,2,5.2,0
MURRABA BASIN,127.282,-20.149,0,basin,2,5.2,0
